Workbook

Sheet Anverso
A1: Centro: | C1: IES FRANCISCO DE ORELLANA | L1: INDEMNIZACIONES POR RAZÓN DEL SERVICIO (Decreto 42/2025)
A2: CONSEJERÍA DE EDUCACIÓN, CIENCIA Y FORMACIÓN PROFESIONAL
A3: LOCALIDAD: | D3: Trujillo, Cáceres, Extremadura, España | J3: Apellidos y Nombre: | K3: Carmona Vinagre, Maria Remedios | P3: Tipo I.R.P.F | R3: %
J4: Cuerpo: | N4: Grupo | O4: F | P4: NIF:
A5: I.- PROPUESTA Y APROBACIÓN | J5: Programa de gasto al que se imputa la presente liquidación: | O5: 222-B
A6: El/La Director/a del Centro, en base a lo establecido en el Decreto 42/2025, de 19 de mayo (D.O.E. nº 101 de 28 de mayo)
A7: propone la realización por el personal funcionario / laboral que figura en el encabezamiento, de las siguientes comisiones y en los términos que igualmente se señalan:
A8: SALIDA | D8: REGRESO | H8: L O C A L I D A D /es | L8: Medio | M8: OBJETO DE LA COMISIÓN
A9: hora | B9: día | C9: mes | D9: 16 horas | F9: día | G9: mes | L9: transporte
D10: ant. | E10: pos. | H10: ( A la/s que se desplaza) | L10: a utilizar
D11: =IF(E11<>"","",IF(AND(A11<15,A11>1),"X",""))
D12: =IF(E12<>"","",IF(AND(A12<15,A12>1),"X",""))
D13: =IF(E13<>"","",IF(AND(A13<15,A13>1),"X",""))
D14: =IF(E14<>"","",IF(AND(A14<15,A14>1),"X",""))
D15: =IF(E15<>"","",IF(AND(A15<15,A15>1),"X",""))
D16: =IF(E16<>"","",IF(AND(A16<15,A16>1),"X",""))
D17: =IF(E17<>"","",IF(AND(A17<15,A17>1),"X",""))
D18: =IF(E18<>"","",IF(AND(A18<15,A18>1),"X",""))
D19: =IF(E19<>"","",IF(AND(A19<15,A19>1),"X",""))
D20: =IF(E20<>"","",IF(AND(A20<15,A20>1),"X",""))
D21: =IF(E21<>"","",IF(AND(A21<15,A21>1),"X",""))
D22: =IF(E22<>"","",IF(AND(A22<15,A22>1),"X",""))
... D25: =IF(E25<>"","",IF(AND(A25<15,A25>1),"X",""))
G27: En | H27: =D3 -> TRUJILLO | K27: =CONCATENATE(" a ",B11," de ",IF(C11=1,"Enero",IF(C11=2,"Febrero",IF(C11=3,"Marzo",IF(C11=4,"Abril",IF(C11=5,"Mayo",IF(C11=6,"Junio",IF(C11=9,"Septiembre",""))))))),IF(C11=10,"Octubre",IF(C11=11,"Noviembre",IF(C11=12,"Diciembre","")))," de ",IF(AND(C11=12,MONTH(TODAY())=1),YEAR(TODAY())-1,YEAR(TODAY()))) -> NaN
J28: EL/LA DIRECTOR/A DEL CENTRO
I33: Fdo.: | J33: MARÍA MONTAÑA HERNÁNDEZ FERNÁNDEZ
A35: III.- CERTIFICADO REALIZACIÓN DE LA COMISIÓN:
A36: El/La Director/a del Centro, CERTIFICA que las comisiones a que hace referencia la declaración del interesado (al dorso) y que fueron propuestas por esta dirección
A37: han sido realizadas de conformidad con la orden de servicio y se ajustan a la legislación en vigor.
I38: (fecha, firma y sello)
D39: =H27 -> TRUJILLO | I39: =Reverso!I24 -> NaN
H43: =J33 -> MARÍA MONTAÑA HERNÁNDEZ FERNÁNDEZ

Sheet Reverso
A1: II.- DECLARACIÓN DEL INTERESADO
A3: Declaro haber realizado los desplazamientos de conformidad con la orden de servicio, habiéndo utilizado (consignar medio; y en su caso matrícula)
A6: SALIDA | D6: REGRESO | G6: I T I N E R A R I O R E A L I Z A D O | N6: Nº. Kms. | O6: Nº de ½ manut. | P6: Nº de aloj.
A7: hora | B7: día | C7: mes | D7: hora | E7: día | F7: mes
A8: =IF(Anverso!A11>0,Anverso!A11,"") | B8: =Anverso!B11 -> 0 | C8: =Anverso!C11 -> 0 | E8: =Anverso!F11 -> 0 | F8: =Anverso!G11 -> 0 | G8: =IF(Anverso!H11>0,UPPER(Anverso!H$27)&"-"&UPPER(Anverso!H11)&"-"&UPPER(Anverso!H$27),"")
A9: =IF(Anverso!A12>0,Anverso!A12,"") | B9: =Anverso!B12 -> 0 | C9: =Anverso!C12 -> 0 | E9: =Anverso!F12 -> 0 | F9: =Anverso!G12 -> 0 | G9: =IF(Anverso!H12>0,UPPER(Anverso!H$27)&"-"&UPPER(Anverso!H12)&"-"&UPPER(Anverso!H$27),"")
A10: =IF(Anverso!A13>0,Anverso!A13,"") | B10: =Anverso!B13 -> 0 | C10: =Anverso!C13 -> 0 | E10: =Anverso!F13 -> 0 | F10: =Anverso!G13 -> 0 | G10: =IF(Anverso!H13>0,UPPER(Anverso!H$27)&"-"&UPPER(Anverso!H13)&"-"&UPPER(Anverso!H$27),"")
A11: =IF(Anverso!A14>0,Anverso!A14,"") | B11: =Anverso!B14 -> 0 | C11: =Anverso!C14 -> 0 | E11: =Anverso!F14 -> 0 | F11: =Anverso!G14 -> 0 | G11: =IF(Anverso!H14>0,UPPER(Anverso!H$27)&"-"&UPPER(Anverso!H14)&"-"&UPPER(Anverso!H$27),"")
A12: =IF(Anverso!A15>0,Anverso!A15,"") | B12: =Anverso!B15 -> 0 | C12: =Anverso!C15 -> 0 | E12: =Anverso!F15 -> 0 | F12: =Anverso!G15 -> 0 | G12: =IF(Anverso!H15>0,UPPER(Anverso!H$27)&"-"&UPPER(Anverso!H15)&"-"&UPPER(Anverso!H$27),"")
A13: =IF(Anverso!A16>0,Anverso!A16,"") | B13: =Anverso!B16 -> 0 | C13: =Anverso!C16 -> 0 | E13: =Anverso!F16 -> 0 | F13: =Anverso!G16 -> 0 | G13: =IF(Anverso!H16>0,UPPER(Anverso!H$27)&"-"&UPPER(Anverso!H16)&"-"&UPPER(Anverso!H$27),"")
A14: =IF(Anverso!A17>0,Anverso!A17,"") | B14: =Anverso!B17 -> 0 | C14: =Anverso!C17 -> 0 | E14: =Anverso!F17 -> 0 | F14: =Anverso!G17 -> 0 | G14: =IF(Anverso!H17>0,UPPER(Anverso!H$27)&"-"&UPPER(Anverso!H17)&"-"&UPPER(Anverso!H$27),"")
A15: =IF(Anverso!A18>0,Anverso!A18,"") | B15: =Anverso!B18 -> 0 | C15: =Anverso!C18 -> 0 | E15: =Anverso!F18 -> 0 | F15: =Anverso!G18 -> 0 | G15: =IF(Anverso!H18>0,UPPER(Anverso!H$27)&"-"&UPPER(Anverso!H18)&"-"&UPPER(Anverso!H$27),"")
A16: =IF(Anverso!A19>0,Anverso!A19,"") | B16: =Anverso!B19 -> 0 | C16: =Anverso!C19 -> 0 | E16: =Anverso!F19 -> 0 | F16: =Anverso!G19 -> 0 | G16: =IF(Anverso!H19>0,UPPER(Anverso!H$27)&"-"&UPPER(Anverso!H19)&"-"&UPPER(Anverso!H$27),"")
A17: =IF(Anverso!A20>0,Anverso!A20,"") | B17: =Anverso!B20 -> 0 | C17: =Anverso!C20 -> 0 | E17: =Anverso!F20 -> 0 | F17: =Anverso!G20 -> 0 | G17: =IF(Anverso!H20>0,UPPER(Anverso!H$27)&"-"&UPPER(Anverso!H20)&"-"&UPPER(Anverso!H$27),"")
A18: =IF(Anverso!A21>0,Anverso!A21,"") | B18: =Anverso!B21 -> 0 | C18: =Anverso!C21 -> 0 | E18: =Anverso!F21 -> 0 | F18: =Anverso!G21 -> 0 | G18: =IF(Anverso!H21>0,UPPER(Anverso!H$27)&"-"&UPPER(Anverso!H21)&"-"&UPPER(Anverso!H$27),"")
A19: =IF(Anverso!A22>0,Anverso!A22,"") | B19: =Anverso!B22 -> 0 | C19: =Anverso!C22 -> 0 | E19: =Anverso!F22 -> 0 | F19: =Anverso!G22 -> 0 | G19: =IF(Anverso!H22>0,UPPER(Anverso!H$27)&"-"&UPPER(Anverso!H22)&"-"&UPPER(Anverso!H$27),"")
... A22: =IF(Anverso!A25>0,Anverso!A25,"") | B22: =Anverso!B25 -> 0 | C22: =Anverso!C25 -> 0 | E22: =Anverso!F25 -> 0 | F22: =Anverso!G25 -> 0 | G22: =IF(Anverso!H25>0,UPPER(Anverso!H$27)&"-"&UPPER(Anverso!H25)&"-"&UPPER(Anverso!H$27),"")
N23: =SUM(N8:N22) -> 0 | O23: =SUM(O8:O22) -> 0 | P23: =SUM(P8:P22) -> 0
B24: En | E24: =Anverso!D3 -> TRUJILLO | H24: a | I24: =CONCATENATE(MAX(E8:E22)," / ",MAX(F8:F22)," / ",IF(AND(MAX(F8:F22)=12,MONTH(TODAY())=1),YEAR(TODAY())-1,YEAR(TODAY()))) -> NaN
G25: EL COMISIONADO
H26: (firma)
G30: Fdo.: | H30: =Anverso!K3 -> 0
A33: IV - LIQUIDACIÓN DE LA COMISIÓN.
H35: Porcentaje I.R.P.F. del declarante.........................................: | N35: =Anverso!Q3 -> 0 | P35: %
A36: C O N C E P T O | H36: A | I36: B | J36: C | K36: D | M36: E | O36: F
H37: Núm. | I37: Importe / u | J37: Total (AxB) | K37: Base I.R.P.F. | M37: I.R.P.F. retenido | O37: Liquido (C-E)
A38: MANUTENCIÓN | H38: =Autoliquidación!C20 -> 0 | J38: =Autoliquidación!H20 -> 0 | K38: =Autoliquidación!J20 -> 0 | M38: =Autoliquidación!L20 -> 0 | O38: =Autoliquidación!M20 -> 0
A39: ALOJAMIENTO | H39: =Autoliquidación!C27 -> 0 | J39: =Autoliquidación!H27 -> 0 | K39: =Autoliquidación!J27 -> 0 | M39: =Autoliquidación!L27 -> 0 | O39: =Autoliquidación!M27 -> 0
A40: LOCOMOCIÓN | F40: V. propio (kms.) | H40: =Autoliquidación!F4 -> 0 | I40: 0.26 | J40: =Autoliquidación!H4 -> 0 | K40: =Autoliquidación!J4 -> 0 | M40: =Autoliquidación!L4 -> 0 | O40: =Autoliquidación!M4
F41: Trans. público | J41: =Autoliquidación!H5 -> 0 | O41: =Autoliquidación!M5 -> 0
F42: Otros | J42: =Autoliquidación!H6+Autoliquidación!H7 -> 0 | O42: =Autoliquidación!M6+Autoliquidación!M7 -> 0
A43: T O T A L E S | J43: =SUM(J38:J42) -> 0 | K43: =SUM(K38:K40) -> 0 | M43: =SUM(M38:M40) -> 0 | O43: =SUM(O38:O42) -> 0
G44: Páguese | J44: Recibi:
A45: Total a abonar...... | C45: =IF(O43>0,O43,"") | G45: EL/LA DIRECTOR/A | J45: =IF(Anverso!H27<>0,"En "&Anverso!H27&", a______________","") -> En TRUJILLO, a______________
A47: Programa de gasto:
C48: =IF(Anverso!O5<>"",Anverso!O5,"") -> 222-B
E50: =IF(Anverso!J33<>"","Fdo.:"&Anverso!J33,"") -> Fdo.:MARÍA MONTAÑA HERNÁNDEZ FERNÁNDEZ | J50: =IF(Anverso!K3<>0,"Fdo.:"&Anverso!K3,"")

Sheet Autoliquidación
A1: Calcula INDEMNIZACIONES POR RAZÓN DEL SERVICIO desde 29 Mayo 2025 Decreto 42/2025 de 19 de mayo (DOE nº 101 de 28mayo)
A2: Declarante: | B2: =UPPER(Anverso!K3) | I2: Fecha: | J2: =IF(Reverso!I24<>"",Reverso!I24,"") -> NaN
A3: LOCOMOCIÓN | F3: NÚM. | H3: INTEGRO | I3: Exento de Irpf | J3: Sujeto a Irpf | K3: Tipo IRPF | L3: RETENCIÓN | M3: A PAGAR
B4: Kilómetros | F4: 0 | H4: =F4*0.26 -> 0 | I4: =F4*0.26 -> 0 | J4: =H4-I4 -> 0 | K4: =IF(F4>0,Anverso!$Q$3,"") | L4: =IF(SUM(D4:G4)>0,ROUND(J4*K4/100,2),0) -> 0 | M4: =IF(F4,H4-L4,"")
C5: Transporte público | I5: =IF(H5,H5,"") | L5: 0 | M5: =H5 -> 0
C6: Peaje | I6: =IF(H6,H6,"") | L6: 0 | M6: =H6 -> 0
C7: Aparcamiento | I7: =IF(H7,H7,"") | L7: 0 | M7: =H7 -> 0
A8: Subtotales Locomoción | H8: =SUM(H4:H7) -> 0 | I8: =SUM(I4:I7) -> 0 | J8: =SUM(J4:J7) -> 0 | K8: =IF(K4="","",Anverso!$Q$3) | L8: =SUM(L4:L7) -> 0 | M8: =SUM(M4:M7) -> 0
A10: MANUTENCIÓN | D10: Extranjero | G10: ESPAÑA | H10: INTEGRO | I10: Exento de Irpf | J10: Sujeto a Irpf | K10: Tipo IRPF | L10: RETENCIÓN | M10: A PAGAR
A12: Nº ½ manut. SIN pernocta en Extranjero | H12: =IF(D12="","",D12*45.68) | I12: =IF(D12="","",D12*45.68) | J12: =IF(H12="","",IF(H12-I12>0,H12-I12,0)) | K12: =IF(SUM(C12:G12)>0,Anverso!$Q$3,"") | L12: =IF(SUM(D12:G12)>0,ROUND(J12*K12/100,2),"") | M12: =IF(H12="","",H12-L12)
A13: Nº ½ manut. SIN pernocta en ESPAÑA | H13: =IF(G13="","",G13*26.67) | I13: =IF(G13="","",G13*26.67) | J13: =IF(H13="","",IF(H13-I13>0,H13-I13,0)) | K13: =IF(SUM(C13:G13)>0,Anverso!$Q$3,"") | L13: =IF(SUM(D13:G13)>0,ROUND(J13*K13/100,2),"") | M13: =IF(H13="","",H13-L13)
A14: Nº ½ manut. CON pernocta en Extranjero | H14: =IF(D14="","",D14*45.68) | I14: =IF(D14="","",D14*45.68) | J14: =IF(H14="","",IF(H14-I14>0,H14-I14,0)) | K14: =IF(SUM(C14:G14)>0,Anverso!$Q$3,"") | L14: =IF(SUM(D14:G14)>0,ROUND(J14*K14/100,2),"") | M14: =IF(H14="","",H14-L14)
A15: Nº ½ manut. CON pernocta en ESPAÑA | H15: =IF(G15="","",G15*26.67) | I15: =IF(G15="","",G15*26.67) | J15: =IF(H15="","",IF(H15-I15>0,H15-I15,0)) | K15: =IF(SUM(C15:G15)>0,Anverso!$Q$3,"") | L15: =IF(SUM(D15:G15)>0,ROUND(J15*K15/100,2),"") | M15: =IF(H15="","",H15-L15)
A16: Nº manut.Compl. SIN pernocta Extranjero | H16: =IF(D16="","",D16*91.35) | I16: =IF(D16="","",D16*48.08) | J16: =IF(H16="","",IF(H16-I16>0,H16-I16,0)) | K16: =IF(SUM(C16:G16)>0,Anverso!$Q$3,"") | L16: =IF(SUM(D16:G16)>0,ROUND(J16*K16/100,2),"") | M16: =IF(H16="","",H16-L16)
A17: Nº manut.completa SIN pernocta ESPAÑA | H17: =IF(G17="","",G17*53.34) | I17: =IF(G17="","",G17*26.67) | J17: =IF(H17="","",IF(H17-I17>0,H17-I17,0)) | K17: =IF(SUM(C17:G17)>0,Anverso!$Q$3,"") | L17: =IF(SUM(C17:G17)>0,ROUND(J17*K17/100,2),"") | M17: =IF(H17="","",H17-L17)
A18: Nº manut.Compl. CON pernocta Extranjero | H18: =IF(D18="","",D18*91.35) | I18: =IF(D18="","",D18*91.35) | J18: =IF(H18="","",IF(H18-I18>0,H18-I18,0)) | K18: =IF(SUM(C18:G18)>0,Anverso!$Q$3,"") | L18: =IF(SUM(C18:G18)>0,ROUND(J18*K18/100,2),"") | M18: =IF(H18="","",H18-L18)
A19: Nº manut.Compl. CON pernocta ESPAÑA | H19: =IF(G19="","",G19*53.34) | I19: =IF(G19="","",G19*53.34) | J19: =IF(H19="","",IF(H19-I19>0,H19-I19,0)) | K19: =IF(SUM(C19:G19)>0,Anverso!$Q$3,"") | L19: =IF(SUM(C19:G19)>0,ROUND(J19*K19/100,2),"") | M19: =IF(H19="","",H19-L19)
A20: Subtotales 1/2 manut. | C20: =SUM(C12:G15)+(SUM(C16:G19)*2) -> 0 | H20: =SUM(H12:H19) -> 0 | I20: =SUM(I12:I19) -> 0 | J20: =SUM(J12:J19) -> 0 | K20: =Anverso!$Q$3 -> 0 | L20: =SUM(L12:L19) -> 0 | M20: =SUM(M12:M19) -> 0
A22: ALOJAMIENTO | C22: DIAS | E22: JUSTIFICADO | H22: INTEGRO | I22: Exento de Irpf | J22: Sujeto a Irpf | K22: Tipo IRPF | L22: RETENCIÓN | M22: A PAGAR
A23: EN ESPAÑA | H23: =IF(C23="","",IF(E23/C23>102.56,C23*102.56,E23)) | I23: =IF(H23="","",H23) | J23: =IF(E23>0,IF(E23<H23,H23-E23,0),"") | K23: =IF(J23="","",Anverso!$Q$3) | L23: =IF(E23>0,ROUND(J23*K23/100,2),"") | M23: =IF(E23,H23-L23,"")
A25: OTRO PAIS A ELEGIR AQUÍ | H25: =IF(C25="","",IF(E25/C25>VLOOKUP(A25,P37:Q132,2,0),C25*VLOOKUP(A25,P37:Q135,2,0),E25)) | I25: =IF(E25>0,IF(E25>H25,H25,E25),"") | J25: =IF(E25>0,IF(E25<H25,H25-E25,0),"") | K25: =IF(J25="","",Anverso!$Q$3) | L25: =IF(E25>0,ROUND(J25*K25/100,2),"") | M25: =IF(E25,H25-L25,"")
A27: Subtotales Alojamiento | C27: =SUM(C23:C26) -> 0 | E27: =SUM(E23:E26) -> 0 | H27: =SUM(H23:H26) -> 0 | I27: =SUM(I23:I26) -> 0 | J27: =IF(SUM(J23:J26)=0,0,SUM(J23:J26)) -> 0 | K27: =IF(C27>0,Anverso!$Q$3,"") | L27: =SUM(L23:L26) -> 0 | M27: =SUM(M23:M26) -> 0
H29: INTEGRO | I29: Exento de Irpf | J29: Sujeto a IRPF | K29: Tipo IRPF | L29: RETENCION | M29: A PAGAR
A30: T O T A L E S | H30: =H8+H20+H27 -> 0 | I30: =I8+I20+I27 -> 0 | J30: =J8+J20+J27 -> 0 | K30: =Anverso!$Q$3 -> 0 | L30: =L8+L20+L27 -> 0 | M30: =M8+M20+M27 -> 0
P36: ALOJAMIENTO Y DESAYUNO GRUPO 1 A.G.E Resol.2ene2008 S.E.H.P. (BOE 3enero)
P37: ALEMANIA | Q37: 155.66
P38: ANDORRA | Q38: 54.69
P39: ANGOLA | Q39: 158.67
P40: ARABIA SAUDITA | Q40: 86.55
P41: ARGELIA | Q41: 119
P42: ARGENTINA | Q42: 130.42
P43: AUSTRALIA | Q43: 94.96
P44: AUSTRIA | Q44: 112.39
P45: BÉLGICA | Q45: 174.29
P46: BOLIVIA | Q46: 60.1
P47: BOSNIA-HERZEGOVINA | Q47: 85.34
P48: BRASIL | Q48: 150.25
... P135: OTRO PAIS A ELEGIR AQUÍ | Q135: 0

Sheet Instrucciones
A1: INSTRUCCIONES CUMPLIMENTACIÓN IMPRESO INDEMNIZACIONES POR RAZON DEL SERVICIO (A PAGAR POR LOS CENTROS EDUCATIVOS)
B2: Este libro excel contiene tres hojas para introducir datos (anverso, reverso y autoliquidación) y ésta de instrucciones.
B3: ANVERSO (parte horizontal)
A5: I: PROPUESTA Y APROBACIÓN
B6: Centro: Denominación del Centro
B7: Localidad: Localidad del Centro
B8: Nombre y apellidos: Del Comisionado
B9: Tipo I.R.P.F.(Obligatorio): Porcentaje que, a efectos de retención del I.R.P.F., figura en su última nómina
B10: Cuerpo: Maestro/Profesor/ vigilante, informático, ordenanza...
B11: Grupo: F-Funcionario; L-Laboral
B12: NIF: Escribir los 8 dígitos y la letra
B13: Programas de gasto: Consignar el programa correspondiente
B14: 221-B: C.P.R.
B15: 222-A: COL.PUBLICOS, CRAS
B16: 222-B: IES, IESOS
B17: 222-C: E O I, CONSERVATORIO, EOEP
... B25: FECHA Y FIRMA DEL DIRECTOR DEL CENTRO: La fecha de la propuesta debe ser igual o anterior a la del primer viaje propuesto.
A27: III: CERTIFICADO REALIZACIÓN DE LA COMISIÓN
B28: Nombre y firma de la autoridad que en su día propuso la comisión y ahora certifica que fue realizada(Director/a del Centro).
B29: La fecha de la certificación debe ser igual o posterior a la del último viaje de cada impreso
B31: REVERSO (parte vertical)
A33: II: DECLARACIÓN DEL INTERESADO
A34: El medio de locomoción utilizado coincidirá con el que figura en el apartado “I- PROPUESTA”. La matrícula del vehículo debe consignarse obligatoriamente
B35: SALIDA: Hora (hh,mm), día y mes de inicio de la comisión
B36: REGRESO: Hora (hh,mm), día y mes de regreso a la localidad de partida
B37: ITINERARIO REALIZADO: Localidad de origen-Localidad/localidades a donde se realiza la comisión-Localidad de origen
B38: Nº Kms.: Número de kilómetros de cada itinerario realizado. No use decimales, redondee al alza.
B39: EL COMISIONADO: Nombre y firma del declarante. La localidad de la declaración será la del Centro de destino. (o domicilio si es más cercano al lugar desplazado en comisión)
B40: La fecha de la declaración debe ser igual o posterior a la del último viaje de cada impreso
A42: IV: LIQUIDACIÓN DE LA COMISIÓN
A43: A diligenciar por el órgano que efectúa el pago: El Director del centro es el responsable de comprobar que los datos de kilometraje y dietas son los correctos.
A44: En el caso que el interesado realice la Autoliquidación, los cálculos de ésta, se trasladan automáticamente a la Liquidación, pero eso no implica que sea correcta.
B46: AUTOLIQUIDACION
B47: Únicamente a efectos de información del interesado.
B48: El Director del centro es el responsable de liquidar una vez comprobado que
B49: los datos de kilometraje, dietas, alojamiento... son justificados.
B50: y debe realizar la liquidación correctamente.
